<?xml version="1.0" encoding="UTF-8"?>
<project-private xmlns="http://www.netbeans.org/ns/project-private/1">
    <editor-bookmarks xmlns="http://www.netbeans.org/ns/editor-bookmarks/2" lastBookmarkId="0"/>
    <open-files xmlns="http://www.netbeans.org/ns/projectui-open-files/2">
        <group>
            <file>file:/D:/Sems%207/GA/src/tsp/Tour.java</file>
            <file>file:/D:/Sems%207/GA/src/tsp/TSP_GA.java</file>
            <file>file:/D:/Sems%207/GA/src/tsp/Population.java</file>
            <file>file:/D:/Sems%207/GA/src/tsp/GA.java</file>
        </group>
    </open-files>
</project-private>
